title,link,date,comuna
Hasta el Servicio de Evaluación Ambiental del Biobío llegó un grupo de vecinos de Hualqui a manifestar su oposición a la instalación de una,https://cooperativa.cl/noticias/pais/region-del-biobio/vecinos-se-oponen-a-instalacion-de-planta-de-riles-en-hualqui/2019-07-20/095143.html,hace 63 meses,Hualqui
[resumen.cl] A través de una denuncia al sello internacional FSC (Forest Stewardship Council) dedicado a certificar que la industria,https://resumen.cl/articulos/vecino-denuncia-uso-forestal-del-temido-glifosato-y-otros-agrotoxicos-en-hualqui,hace 58 meses,Hualqui
"En la Plaza de Armas de Cauquenes, este lunes 4 de marzo a las 12:30 horas, se llevará a cabo una masiva manifestación para expresar el",https://quirihuenoticias.cl/2024/03/03/ediles-de-comunas-afectadas-por-proyecto-sistema-de-transmision-zonal-grupo-3-se-manifiestan-en-rechazo-al-trazado/,hace 7 meses,Hualqui
En agosto de 2021 se publicó el primero de cuatro informes que el Panel Intergubernamental de Expertos sobre el Cambio Climático de Naciones,https://www.diarioconcepcion.cl/ciencia-y-sociedad/2022/03/24/hualqui-fija-sus-metas-para-enfrentar-los-desafios-del-cambio-climatico.html,hace 31 meses,Hualqui
"[resumen.cl] La mañana de este viernes 21 de julio, se dio a conocer de forma masiva el malestar de la población hualquina por la",https://resumen.cl/articulos/hualqui-se-manifiesta-contra-instalacion-planta-riles-comuna,hace 87 meses,Hualqui
"En representación de la Asociación de Municipalidades por la protección del territorio Nonguén, los alcaldes de Chiguayante, Antonio Rivas;",https://www.radioudec.cl/alcaldes-del-territorio-nonguen-y-la-comunidad-reiteran-observaciones-en-sea-por-proyecto-electrico-mataquito/,hace 26 meses,Hualqui
"[resumen.cl] Pasado el mediodía de este viernes, un grupo de mujeres manifestantes interrumpió un acto por el «día en",https://resumen.cl/articulos/fuera-agresores-cargos-publicos-mujeres-funan-alcalde-concejal-hualqui,hace 59 meses,Hualqui
Vecinos y vecinas de Cauquenes denuncian que la transnacional de capitales españoles Mataquito Transmisora de Energía S.A,https://resumen.cl/articulos/comunidad-de-cauquenes-acusa-a-empresa-de-iniciar-cableado-de-alta-tension-debajo-de-viviendas-sociales-y-dos-anos-antes-de-finalizar-evaluacion-ambiental,.hace 25 meses,Hualqui
Durante esta noche se realizarán las labores de conexión para robustecer el servicio en el sector. Las obras se enmarcan en el plan,https://www.soychile.cl/Concepcion/Sociedad/2016/03/31/384489/Hualqui-contara-con-un-nuevo-estanque-de-abastecimiento-de-agua-potable.aspx,hace 102 meses,Hualqui
"[resumen.cl] La mañana de este viernes 21 de julio, se dio a conocer de forma masiva el malestar de la población hualquina por la",https://resumen.cl/articulos/hualqui-se-manifiesta-contra-instalacion-planta-riles-comuna,hace 87 meses,Hualqui
"Manifestantes cortaron la Ruta 160 en Colcura, Lota, en protesta por un posible desalojo de toma. Testigos denunciaron amenazas con",https://www.latribuna.cl/policial/2024/06/03/manifestantes-cortan-ruta-en-lota-ante-posible-desalojo-de-toma.html,hace 4 meses,Lota
"La planta pertenece a Endesa, firma que fue condenada por el Tribunal Ambiental de Valdivia, tras la demanda presentada por más de 900",https://www.emol.com/noticias/Nacional/2019/01/03/932916/Bocamina-La-termoelectrica-sancionada-por-el-Tribunal-Ambiental-y-su-extenso-conflicto-por-contaminacion-en-Coronel.html,hace 69 meses,Lota
"La semana pasada, 33 mujeres protagonizaron una huelga de hambre en El Chiflón del Diablo, en Lota. Su historia volvió a poner a la ciudad",http://www.quepasa.cl/articulo/actualidad/2010/11/1-4390-9-la-ultima-rebelion-de-lota.shtml/,hace 167 meses,Lota
[resumen.cl] Este lunes el Tribunal Ambiental de Valdivia anunció que condenó a Endesa-Enel como responsable de daño ambiental,https://resumen.cl/articulos/tribunal-ambiental-confirmo-responsabilidad-termoelectrica-bocamina-enel-contaminacion-lota-coronel,hace 69 meses,Lota
Hasta la Plaza Independencia llegó un grupo de choferes quienes acompañados por el senador Navarro denunciaron que el Gobierno los,https://www.soychile.cl/Concepcion/Sociedad/2014/05/30/252603/Conductores-de-CoronelLota-quedaron-desnudos-en-protesta-por-programa-que-les-cambio-sus-micros.aspx%3Ffb_comment_id%3D644658388961381_645166348910585,hace 125 meses,Lota
"4/02 Trabajadores de la Fenats de Lota denuncian que el Hospital de la ex comuna minera, se inundó con aguas servidas. ",https://resumen.cl/articulos/lota-resumen-2010,hace 166 meses,Lota
"Los alumnos llegaron cerca de las 07.30 horas hasta su recinto educacional, ubicado en el sector Lota Alto, donde decidieron realizar la",https://www.soychile.cl/Coronel/Sociedad/2013/03/20/161779/Estudiantes-del-liceo-A45-de-Lota-se-tomaron-su-establecimiento-en-apoyo-a-profesores.aspx%3Ffb_comment_id%3D346068935494494_1615143,hace 139 meses,Lota
"Manifestantes cortaron la Ruta 160 en Colcura, Lota, en protesta por un posible desalojo de toma. Testigos denunciaron amenazas con",https://www.latribuna.cl/policial/2024/06/03/manifestantes-cortan-ruta-en-lota-ante-posible-desalojo-de-toma.html,hace 4 meses,Lota
"La semana pasada, 33 mujeres protagonizaron una huelga de hambre en El Chiflón del Diablo, en Lota. Su historia volvió a poner a la ciudad",http://www.quepasa.cl/articulo/actualidad/2010/11/1-4390-9-la-ultima-rebelion-de-lota.shtml/,hace 167 meses,Lota
[resumen.cl] Durante este jueves 17 de Diciembre se realizó una caravana de ciclistas por las calles de la comuna de Coronel. Los y las,https://resumen.cl/articulos/ciclo-marcha-por-coronel-exigio-ciclovias-para-la-cuenca-del-carbon,hace 46 meses,Lota
La medida fue tomada por los trabajadores después de Carabineros multara a un conductor que participaba del funeral de un integrante del,https://www.soychile.cl/coronel/sociedad/2018/03/22/523514/Las-micros-Lota--Coronel-iniciaron-paro-y-autoridades-piden-reforzar-servicios-del-Biotren,hace 79 meses,Lota
Hasta la Plaza Independencia llegó un grupo de choferes quienes acompañados por el senador Navarro denunciaron que el Gobierno los,https://www.soychile.cl/Concepcion/Sociedad/2014/05/30/252603/Conductores-de-CoronelLota-quedaron-desnudos-en-protesta-por-programa-que-les-cambio-sus-micros.aspx%3Ffb_comment_id%3D644658388961381_645166348910585,hace 125 meses,Lota
"Los habitantes del sector bloquearon la carretera que une Concepción con la Provincia de Arauco, exigiendo una solución al problema que los",https://www.biobiochile.cl/noticias/nacional/region-del-bio-bio/2023/09/08/vecinos-de-fuerte-viejo-en-lota-prenden-barricadas-en-la-ruta-160-seria-por-prolongado-corte-de-agua.shtml,hace 13 meses,Lota
"4/02 Trabajadores de la Fenats de Lota denuncian que el Hospital de la ex comuna minera, se inundó con aguas servidas. ",https://resumen.cl/articulos/lota-resumen-2010,hace 166 meses,Lota
"Las fuertes lluvias registradas en la Región del Biobío causaron el anegamiento de dos consultorios y el Hospital de Lota, que según sus",https://cooperativa.cl/noticias/pais/region-del-biobio/lluvias-provocaron-inundacion-en-el-hospital-de-lota/2014-06-06/115133.html,hace 124 meses,Lota
"Descubre cómo el poderoso sistema frontal que azotó a Santiago dejó un rastro de caos en las calles, con semáforos apagados,",https://reportediario.cl/2024/06/13/caos-en-las-calles-de-santiago-semaforos-apagados-inundaciones-y-acumulacion-de-agua-por-el-intenso-sistema-frontal/,hace 4 meses,Lota
"Con una millonaria inversión y un historial de conflictividad a cuestas, la empresa Aclara ingresó su Estudio de Impacto Ambiental con",https://resumen.cl/articulos/penco-en-la-mira-de-la-mineria-proyecto-de-tierras-raras-ingreso-a-tramitacion-ambiental,hace 17 meses,Penco
"El interés minero nuevamente se enfoca en Penco. Y es que durante estas últimas semanas, se dio a conocer públicamente que la empresa Aclara",https://www.diarioconcepcion.cl/politica/2024/02/25/cores-evaluan-pronunciamiento-politico-por-proyecto-minero-en-penco.html,hace 8 meses,Penco
"Con una millonaria inversión y un historial de conflictividad a cuestas, la empresa Aclara ingresó su Estudio de Impacto Ambiental con",https://resumen.cl/articulos/penco-en-la-mira-de-la-mineria-proyecto-de-tierras-raras-ingreso-a-tramitacion-ambiental,hace 17 meses,Penco
"Principal organización vecinal, junto a un concejal y arquitecto, diseñador del proyecto de Parque para Penco, entre otros,",https://www.diarioconcepcion.cl/economia/2024/02/21/no-cederemos-un-milimetro-en-esto-vecinos-y-agrupaciones-de-penco-dudan-de-nuevo-proyecto-de-tierra-raras.html,hace 8 meses,Penco
[resumen.cl] «Proyecto de Desarrollo Minero de Extracción de Arcillas para Producción de Concentrado de Tierras Raras» es,https://resumen.cl/articulos/empresa-minera-volvio-a-ingresar-proyecto-para-explotar-tierras-raras-en-penco-cuenta-con-cinco-tramitaciones-ambientales-fallidas,hace 4 meses,San Pedro de La Paz
Marcha multisectorial protesta por la falta de dólares y en rechazo a los resultados del Censo. Reclamando por una falta de soluciones a,https://www.nodal.am/2024/09/gremios-y-movimientos-sociales-protestaron-por-la-falta-de-dolares-y-contra-los-resultados-del-censo/,hace 1 mes,San Pedro de La Paz
"En un ambiente de profunda alegría y devoción se celebró la Misa de cierre de la festividad de Nuestra Señora de la Candelaria, en el día de",https://iglesiadeconcepcion.cl/noticias/con-devocion-se-vivio-la-misa-de-cierre-y-procesion-de-la-virgen-de-la-candelaria-en-san-pedro-de-la-paz/,hace 8 meses,San Pedro de La Paz
Marcha multisectorial protesta por la falta de dólares y en rechazo a los resultados del Censo. Reclamando por una falta de soluciones a,https://www.nodal.am/2024/09/gremios-y-movimientos-sociales-protestaron-por-la-falta-de-dolares-y-contra-los-resultados-del-censo/,hace 1 mes,San Pedro de La Paz
"Como un padecimiento constante calificó Ana Albornoz, alcaldesa de Sta. Juana, la situación del agua en la comuna, problemática",https://resumen.cl/articulos/mas-de-mil-familias-de-sta-juana-viven-con-50-litros-de-agua-al-dia-alcaldesa-denuncio-abandono-sostenido-por-parte-del-estado,hace 34 meses,Santa Juana
"Vicente Lagos Isla / resumen.cl Tanto el funcionamiento de empresas de tecnología y servicios, como el desarrollo del complejo militar",https://resumen.cl/articulos/tierras-raras-mineria-guerra-comercial-biobio-peligro-latente-region,hace 64 meses,Santa Juana
Nora Sánchez / @norasan16 / Mérida.-. Desde las 4:30 de la tarde de este martes se registra en la ciudad de Mérida el colapso del tránsito,https://www.analitica.com/actualidad/actualidad-nacional/merida-colapsada-por-multiples-trancas-en-protesta-contra-la-constituyente/,hace 88 meses,Santa Juana
"Como un padecimiento constante calificó Ana Albornoz, alcaldesa de Sta. Juana, la situación del agua en la comuna, problemática",https://resumen.cl/articulos/mas-de-mil-familias-de-sta-juana-viven-con-50-litros-de-agua-al-dia-alcaldesa-denuncio-abandono-sostenido-por-parte-del-estado,hace 34 meses,Santa Juana
"""Mis hijos presenciaron eso, para ellos es algo normal""; ""solo estaban danzando""; y ""no estoy de acuerdo con que pase en un colegio,",https://www.latercera.com/la-tercera-pm/noticia/recreo-milagroso-padres-y-apoderados-del-colegio-tocado-por-el-espiritu-santo-defienden-lo-ocurrido/580203/,hace 67 meses,Santa Juana
[resumen.cl] Más de 100 habitantes de la comuna de Santa Juana realizaron este mediodía una marcha y posterior corte en la Ruta de la,https://resumen.cl/articulos/vecinas-y-vecinos-de-santa-juana-cortaron-ruta-de-la-madera-exigiendo-regular-transito-de-camiones-forestales,hace 61 meses,Santa Juana
Nora Sánchez – Mérida. @norasan16. A las 3:30 de tarde de este viernes 30 de junio murió en el Hospital Universitario de Los Andes (HULA) el,https://www.analitica.com/actualidad/murio-en-merida-sexta-victima-de-represion-en-protestas/,hace 88 meses,Santa Juana
"No era una caravana del hambre, como perversamente se le ha querido presentar, porque no veníamos a mendigar mendrugos debajo de la mesa de los ricos y",https://www.cndh.org.mx/noticia/huelga-minera-de-nueva-rosita-cloete-y-palau-coahuila-en-defensa-de-los-derechos-laborales,hace 36 meses,Santa Juana
"Hoy por hoy, vecinos de Santa Juana reciben 50 litros diarios de agua en el marco de la escasez hídrica y sequía que golpea a la comuna y la",https://www.tvu.cl/prensa/tvu-noticias/2021/12/22/sequia-vecinos-de-santa-juana-protestan-ante-poca-preocupacion-de-autoridades.html,hace 34 meses,Santa Juana
"Como un padecimiento constante calificó Ana Albornoz, alcaldesa de Sta. Juana, la situación del agua en la comuna, problemática",https://resumen.cl/articulos/mas-de-mil-familias-de-sta-juana-viven-con-50-litros-de-agua-al-dia-alcaldesa-denuncio-abandono-sostenido-por-parte-del-estado,hace 34 meses,Santa Juana
Una grave crisis hídrica denunciaron los vecinos de Santa Juana tras los incendios forestales y nuevas plantaciones de eucalipto de forestal,https://www.elciudadano.com/actualidad/vecinos-de-santa-juana-protestan-por-grave-escasez-de-agua-a-causa-de-plantaciones-de-empresas-forestales/07/07/,hace 15 meses,Santa Juana
Una grave crisis hídrica denunciaron los vecinos de Santa Juana tras los incendios forestales y las nuevas plantaciones de eucalipto de la,https://www.canal9.cl/episodios/2023/07/07/vecinos-de-santa-juana-protestan-por-escasez-de-agua-crisis-aumento-tras-incendios,hace 15 meses,Santa Juana
"""Patagual no es cementerio ni basurero"" y ""llévense sus cadáveres de nuestro valle"", son algunas de las frases que se pueden leer en las",https://www.biobiochile.cl/noticias/nacional/region-del-bio-bio/2023/05/27/vecinos-protestan-contra-entierro-de-lobos-marinos-en-patagual-mantienen-cortada-la-ruta-de-la-madera.shtml,hace 17 meses,Santa Juana
"La concentración y posterior marcha contó con decenas de integrantes del sindicato del liceo La Asunción de Talcahuano, además de alumnos y",https://resumen.cl/articulos/concepcion-sindicato-del-colegio-la-asuncion-de-talcahuano-protesto-contra-el-despido-masivo-de-trabajadores-efectuado-previo-a-la-navidad,hace 10 meses,Talcahuano
"Organizaciones, vecinos de la laguna El Recamo de Talcahuano y concejales de la comuna se reunieron para protestar por el hedor constante",https://www.diarioconcepcion.cl/ciudad/2023/04/04/no-queremos-mas-mal-olor-vecinos-de-talcahuano-exigen-solucion-a-contaminacion.html,hace 18 meses,Talcahuano
Más de un centenar de personas marchó esta semana en Talcahuano para manifestar su rechazo al proyecto que pretende la instalación de,https://www.elciudadano.com/chile/talcahuano-habitantes-de-caleta-tumbes-rechazan-instalacion-de-salmoneras-en-la-zona/07/20/,hace 63 meses,Talcahuano
"Ayer estaba agendada, la reanudación de los alegatos por los recursos que buscan revocar la aprobación ambiental, del proyecto GNL",https://www.tvu.cl/prensa/2020/05/15/tribunal-ambiental-reprogramo-alegatos-en-contra-de-proyecto-gnl-talcahuano.html,hace 53 meses,Talcahuano
"Desde la Escuela República del Perú vecinas, padres, apoderados, profesores y organizaciones medioambientales se movilizaron para decirle",https://www.colegiodeprofesores.cl/2023/03/14/hualpen-movilizaciones-y-sumario-sanitario-contra-enap-refinerias/,hace 19 meses,Talcahuano
"Tumbes sin salmoneras”. Así dice el lienzo que encabeza la marcha protagonizada por un grupo de vecinos de Talcahuano, quienes",https://www.biobiochile.cl/noticias/nacional/region-del-bio-bio/2019/07/19/vecinos-de-talcahuano-protagonizan-marcha-en-contra-de-proyecto-de-salmoneras-en-caleta-tumbes.shtml,hace 63 meses,Talcahuano
Compartir. Los Sindicato N° 1 y N°2 de Trabajadores de Huachipato realizaron un llamado a manifestarse frente a la suspensión indefinida de,https://www.reporteminero.cl/noticia/noticias/2024/03/presidente-sindicato-n1-de-huachipato-parece-logico-e-importante-tener-una-alianza-estrategica,hace 7 meses,Talcahuano
Vecinos de diversas comunas de la Región Metropolitana y regiones del país han comenzado a realizar cacerolazos en protesta por los extensos,https://www.canal9.cl/episodios/noticias/2024/08/05/vecinos-de-talcahuano-protestaron-por-extensos-cortes-de-luz-tras-sistema-frontal,hace 2 meses,Talcahuano
Grupos de vecinos en distintos lugares de la región Metropolitana y también en regiones comenzaron a realizar cacerolazos durante la,https://www.biobiochile.cl/noticias/nacional/chile/2024/08/04/vecinos-pierden-la-paciencia-e-inician-cacerolazos-por-extensos-cortes-de-luz-tras-sistema-frontal.shtml,hace 2 meses,Talcahuano
"Forestal Arauco bloqueó con maquinaria el camino vecinal de diversas comunidades en Tomé. Mediante maquinaria pesada y enormes zanjas,",https://resumen.cl/articulos/bosques-arauco-cerro-caminos-vecinales-en-tome-pobladores-acusan-hostigamiento-y-represion,hace 4 meses,Tome
La movilización de los campesinos parameros tiene como objetivo principal la defensa de sus territorios y el derecho a desarrollar,https://www.laopinion.co/region/atencion-tome-precauciones-bloquearan-desde-el-lunes-cucuta-bucaramanga,hace 1 semana,Tome
Los ministros de Agricultura de la UE abordarán este lunes la propuesta de la Comisión Europea para relajar los requisitos medioambientales,https://www.rtve.es/noticias/20240226/27-debaten-entre-protestas-tractoradas-plan-bruselas-relajar-requisitos-ambientales-para-obtener-pac/15985763.shtml,hace 8 meses,Tome
"Este martes, un grupo de jóvenes liderado por el bombero voluntario de Tarija, Josué Colque, marchó por las principales calles de la ciudad",https://lavozdetarija.com/2024/09/11/jovenes-de-tarija-marchan-en-protesta-exigiendo-que-el-gobierno-tome-medidas-urgentes-frente-a-los-incendios-en-el-oriente-boliviano/,hace 1 mes,Tome
"Telde (Gran Canaria) (EFE).- El expresidente de Canarias Ángel Víctor Torres ha pedido a su sucesor, Fernando Clavijo, de CC, que tome nota",https://efe.com/canarias/2024-04-19/torres-pide-a-clavijo-que-tome-nota-de-las-manifestaciones-y-le-ofrece-apoyo-del-psoe-para-promover-cambios/,hace 6 meses,Tome
Por votación unánime García Chávez fue elegida Coordinadora Parlamentaria de MORENA y por ende Presidenta de la Junta de Gobierno y,https://impulsoinformativo.net/laura-artemisa-garcia-chavez-sera-quien-le-tome-protesta-como-gobernador-a-armenta/,hace 2 meses,Tome
El Conade también hizo una representación ante el presidente del Estado exigiendo que por iniciativa del Gobierno se abroguen las leyes,https://www.noticiasfides.com/cuidado-de-la-casa-comun/activistas-en-protesta-por-los-incendios-y-la-contaminacion-venden-cenizas-y-agua-con-mercurio,hace 10 meses,Tome
"A unas horas de que Joaquín Díaz Mena tome protesta como gobernador constitucional del estado de Yucatán, el ambiente en el Centro Histórico",https://24horasyucatan.mx/2024/09/30/yucatan-ambiente-de-fiesta-previo-a-la-toma-de-protesta-de-diaz-mena/,hace 1 mes,Tome
"Forestal Arauco bloqueó con maquinaria el camino vecinal de diversas comunidades en Tomé. Mediante maquinaria pesada y enormes zanjas,",https://resumen.cl/articulos/bosques-arauco-cerro-caminos-vecinales-en-tome-pobladores-acusan-hostigamiento-y-represion,hace 4 meses,Tome
Los ministros de Agricultura de la UE abordarán este lunes la propuesta de la Comisión Europea para relajar los requisitos medioambientales,https://www.rtve.es/noticias/20240226/27-debaten-entre-protestas-tractoradas-plan-bruselas-relajar-requisitos-ambientales-para-obtener-pac/15985763.shtml,hace 8 meses,Tome
"Telde (Gran Canaria) (EFE).- El expresidente de Canarias Ángel Víctor Torres ha pedido a su sucesor, Fernando Clavijo, de CC, que tome nota",https://efe.com/canarias/2024-04-19/torres-pide-a-clavijo-que-tome-nota-de-las-manifestaciones-y-le-ofrece-apoyo-del-psoe-para-promover-cambios/,hace 6 meses,Tome
Representantes del Sindicato Nacional de trabajadores de Salud de Guatemala convocaron a una jornada de manifestaciones en el centro,https://tvaztecaguate.com/nacionales/2024/05/07/tome-vias-alternas-saludristas-convocan-a-manifestacion-este-martes/,hace 5 meses,Tome
El presidente Gustavo Petro tendrá que activar sus mecanismos de diálogo para darle salida a un paro que se le activó en distintos frentes:,https://www.elcolombiano.com/colombia/paro-minero-se-extendio-a-seis-departamentos-CH25667151,hace 1 semana,Tome
Los sindicatos N1 y N2 de trabajadores de la Fundición Paipote valoraron la convocatoria de la presidenta de Asociaciones Gremialistas de la,https://www.chanarcillo.cl/sindicatos-y-representantes-mineros-de-atacama-apoyan-convocatoria-de-marcha-nacional-debido-al-posible-cierre-anticipado-de-fundicion-paipote/,hace 9 meses,Tome
Población del Valle del Tambo rechaza el proyecto minero de la compañia Southern. Aseguran que no ha demostrado ser beneficioso para la,https://www.infobae.com/peru/2024/07/06/tia-maria-no-tiene-licencia-social-alcaldes-de-islay-y-juntas-agricolas-de-arequipa-exigen-al-gobierno-detener-operaciones/,hace 3 meses,Tome
"El Supremo panameño debatirá la vigencia y validez de la Ley 406, referente a un contrato de concesión minera entre el Estado y la compañía",https://www.vozdeamerica.com/a/corte-suprema-de-justicia-de-panama-define-inconstitucionalidad-de-contrato-minero/7369112.html,hace 11 meses,Tome
Comuneros de Molleturo han resistido a las actividades mineras en la zona por más de 20 años y ahora piden la salida de la empresa que allí,https://es.mongabay.com/2018/05/protesta-mineria-rio-blanco-ecuador/,hace 77 meses,Tome
"El abogado Giovanni Olmos, exfiscal de delitos ambientales de Panamá, pide al gobierno que convoque a un diálogo multisectorial ""hoy mismo”,",https://www.dw.com/es/presidente-de-panam%25C3%25A1-entre-dos-fuegos-por-acuerdo-con-minera-fqm/a-67271762,hace 11 meses,Tome
"Ciudad de Panamá, 27 nov (Prensa Latina) Después de un receso, el pleno de la Corte Suprema de Justicia de Panamá (CSJ) retomará hoy el",https://www.elpais.cr/2023/11/27/corte-suprema-de-panama-retoma-debate-de-ley-sobre-concesion-minera/,hace 11 meses,Tome
"Foto: AVC Noticias Ciudad de México, a 25 de junio de 2024.- Las organizaciones firmantes expresamos nuestro rechazo y reiteramos nuestra",https://articulo19.org/condenamos-las-violaciones-al-derecho-a-la-protesta-y-los-ataques-contra-las-personas-defensoras-de-derechos-humanos-y-el-agua-de-la-cuenca-de-libres-oriental/,hace 4 meses,Tome
"Santiago. La agudización de la falta de servicio de agua potable ha desencadenado una serie de protestas en comunidades de Santiago,",https://www.elcaribe.com.do/panorama/region-norte/sectores-santiago-llevan-hasta-tres-anos-sin-agua/,hace 1 mes,Tome
"Desde la Escuela República del Perú vecinas, padres, apoderados, profesores y organizaciones medioambientales se movilizaron para decirle",https://www.colegiodeprofesores.cl/2023/03/14/hualpen-movilizaciones-y-sumario-sanitario-contra-enap-refinerias/,hace 19 meses,Hualpen
Ocho años han esperado las y los vecinos de la Villa El Triángulo de Hualpén para recibir un subsidio que les permita relocalizar sus,https://resumen.cl/articulos/vecinas-os-de-hualpen-exigen-al-serviu-y-enap-relocalizacion-y-mejoras-en-subsidios-tras-anos-expuestos-a-contaminacion,hace 21 meses,Hualpen
La alcaldesa de Hualpén aseguró que hace ocho meses comenzó a denunciar ante diversas entidades una construcción irregular que se desarrolla,https://www.biobiochile.cl/noticias/nacional/region-del-bio-bio/2020/06/10/denuncian-construccion-irregular-santuario-la-naturaleza-hualpen-talaron-arboles-nativos.shtml,hace 52 meses,Hualpen
"La autoridad recalca que Hualpén merece obtener el beneficio al igual que las otras 6 comunas del país que tienen termoeléctricas,",https://www.soychile.cl/concepcion/sociedad/2024/06/25/865978/solicitan-descuento-tarifa-luz-hualpen.html,hace 4 meses,Hualpen
"Desde la Escuela República del Perú vecinas, padres, apoderados, profesores y organizaciones medioambientales se movilizaron para decirle",https://www.colegiodeprofesores.cl/2023/03/14/hualpen-movilizaciones-y-sumario-sanitario-contra-enap-refinerias/,hace 19 meses,Hualpen
"[resumen.cl] Durante la jornada de hoy miércoles 17 de marzo, vecinas y vecinos de Caleta Lenga en la comuna de Hualpén se manifestaron por",https://resumen.cl/articulos/comunidad-de-lenga-se-manifiesta-por-grave-sequia-que-afecta-a-humedal-lenga-en-santuario-peninsula-de-hualpen,hace 43 meses,Hualpen
"Ante el corte de la vía registrado en Hualpén en la intersección de las calles Padre de las Casas con Postdam, este jueves por la",https://www.diarioconcepcion.cl/ciudad/2023/10/30/serviu-aclara-controversia-por-construccion-de-complejo-habitacional-en-hualpen.html,hace 12 meses,Hualpen
Organizaciones sociales se manifestaron en el centro de Concepción en torno a la regulación de las denominadas zonas de sacrificio,https://www.biobiochile.cl/noticias/nacional/region-del-bio-bio/2018/09/09/organizaciones-se-manifestaron-contra-el-impacto-de-las-industrias-en-coronel-y-hualpen.shtml,hace 73 meses,Hualpen
[resumen.cl] Centenares de personas se reunieron en Plaza Tribunales y luego marcharon por el centro penquista para exigir protección del,https://resumen.cl/articulos/marcha-contra-intervenciones-en-el-santuario-de-la-naturaleza-de-hualpen-se-desarrollo-en-concepcion,hace 33 meses,Hualpen
[resumen.cl] Desde la madrugada de este viernes que las familias residentes del Fundo Las Escaleras en la comuna de Hualpén se encuentran en,https://resumen.cl/articulos/familias-temen-inminente-desalojo-fundo-las-escaleras-hualpen-vecinos-convocan-manifestarse-apoyo,hace 71 meses,Hualpen
Decenas de trabajadoras/es de la Fundación Ciudad del Niño «Ricardo Espinosa» se encuentran movilizados exigiendo que el,https://resumen.cl/articulos/trabajadores-de-fundacion-ciudad-del-nino-se-movilizan-exigiendo-que-servicio-mejor-ninez-responda-a-problematicas-en-residencia-de-hualpen,hace 14 meses,Hualpen
"La resolución 614 recibió 135 votos a favor, 1 en contra y 1 abstención. El texto acusa los constantes reclamos de los vecinos del sector",https://www.camara.cl/cms/piden-solucionar-malos-olores-por-tratamiento-de-aguas-servidas-en-hualpen/,hace 19 meses,Hualpen
"Essbio anunció un megacorte programado de suministro de agua potable para tres comunas del Gran Concepción. En total, serán 22 los sectores,",https://www.canal9.cl/episodios/2023/12/11/conoce-los-detalles-del-megacorte-de-agua-que-afectara-a-sectores-de-concepcion-hualpen-y-talcahuano,hace 10 meses,Hualpen
"[resumen.cl] Durante la jornada de hoy miércoles 17 de marzo, vecinas y vecinos de Caleta Lenga en la comuna de Hualpén se manifestaron por",https://resumen.cl/articulos/comunidad-de-lenga-se-manifiesta-por-grave-sequia-que-afecta-a-humedal-lenga-en-santuario-peninsula-de-hualpen,hace 43 meses,Hualpen
Desde octubre del año pasado que la comunidad que habita hace mas de medio siglo el fundo Las Escaleras está viviendo un proceso de desalojo,https://radiokurruf.org/2019/01/16/comunicado-de-comunidad-en-resistencia-las-escaleras-frente-al-desabastecimiento-de-agua-por-parte-de-la-municipalidad-de-hualpen/,hace 69 meses,Hualpen
"Este martes 17 de mayo se desarrollo una jornada de movilización social en Lebu, la capital de la Provincia de Arauco, convocada por el",https://resumen.cl/articulos/protestan-en-lebu-por-nulos-avances-en-la-reconstruccion,hace 161 meses,Lebu
Flavio Araneda Hidalgo / resumen.cl Los pescadores artesanales de Lebu se encuentran movilizados para exigir al Estado que cumpla con los,https://resumen.cl/articulos/fotos-pescadores-lebu-presionan-la-reineta-se-declarada-altamente-migratoria,hace 85 meses,Lebu
"A Jorge Garrido reconstructor del movimiento obrero en la zona del carbón, dirigente minero de Lebu Por: resumen.cl (*) A fines de la",https://resumen.cl/articulos/la-reconstruccion-del-movimiento-sindical-en-dictadura,hace 101 meses,Lebu
[resumen.cl] Este jueves se llevó a cabo una nueva jornada de protesta por parte de pescadores de Lebu. Se organizaron para transitar,https://resumen.cl/articulos/pescadores-de-lebu-en-pie-de-guerra-para-que-la-reineta-sea-declarada-especie-migratoria,hace 84 meses,Lebu
"A Jorge Garrido reconstructor del movimiento obrero en la zona del carbón, dirigente minero de Lebu Por: resumen.cl (*) A fines de la",https://resumen.cl/articulos/la-reconstruccion-del-movimiento-sindical-en-dictadura,hace 101 meses,Lebu
"[resumen.cl] Un número no determinado de trabajadores de la Mina Trinidad ubicada a 4km al suroeste de Lebu, en el sector El Diezmo,",https://resumen.cl/articulos/mineros-se-toman-mina-trinidad-en-lebu-protestando-por-sueldos-impagos,hace 107 meses,Lebu
"A Jorge Garrido reconstructor del movimiento obrero en la zona del carbón, dirigente minero de Lebu Por: resumen.cl (*) A fines de la",https://resumen.cl/articulos/la-reconstruccion-del-movimiento-sindical-en-dictadura,hace 101 meses,Lebu
"[resumen.cl] El primer Primero de Mayo que los trabajadores conmemoraron en la calles, tras el golpe militar de 1973, fue el de 1978,",https://resumen.cl/articulos/primero-de-mayo-durante-la-dictadura-profunda,hace 41 meses,Lebu
"Tras una semana de paro los padres y apoderados de la Escuela Rural Chiguaihue, ubicada en la comuna de Collipulli en la región de la",https://www.colegiodeprofesores.cl/2023/03/24/ola-de-protestas-en-chile-develan-la-insalubridad-y-abandono-de-la-educacion-publica/,hace 19 meses,Lebu
"Tiempo de lectura aprox: 7 minutos, 35 segundos. Lo que se inició como una idea que surgió al calor de un café en el mes de marzo del 2020,",https://www.elclarin.cl/2021/12/08/el-lebu-sigue-navegando-sobre-las-turbulentas-aguas-de-la-memoria-historica/,hace 34 meses,Lebu
Víctor Hugo Martin Trujillo* Una amiga mía escribió algo y pidió que si no estaban de acuerdo evitaran hacer comentarios,https://resumen.cl/articulos/carta-abierta-humanitaria-ante-huelga-de-hambre-seca-de-presos-politicos-mapuche,.hace 50 meses,Lebu
"Forestal Arauco bloqueó con maquinaria el camino vecinal de diversas comunidades en Tomé. Mediante maquinaria pesada y enormes zanjas,",https://resumen.cl/articulos/bosques-arauco-cerro-caminos-vecinales-en-tome-pobladores-acusan-hostigamiento-y-represion,hace 4 meses,Arauco
Pescadores y rubros afines desarrollaron este miércoles una manifestación en Laraquete -en la región del Bío Bío- donde denunciaron a la,https://www.biobiochile.cl/noticias/nacional/region-del-bio-bio/2022/01/12/protesta-de-pescadores-en-laraquete-acusan-a-celulosa-arauco-de-expulsar-residuos-quimicos-al-mar.shtml,hace 33 meses,Arauco
Una de las comunidades más afectadas por los incendios forestales en el centro sur de Chile en el año 2023 fueron los habitantes de,https://resumen.cl/articulos/vecinos-de-celulosa-nueva-aldea-en-quillon-denuncian-malas-practicas-de-forestal-arauco-y-afectacion-por-incendios-forestales,hace 7 meses,Arauco
"Fotografía: Diario Concepción / cedida. Con una protesta pacífica y apoyados por la ONG Defensa Ambiental, las comunidades lafkenche del",https://www.radioudec.cl/comunidades-mapuche-ingresan-recurso-para-revertir-calificacion-favorable-a-parque-eolico-viento-sur-de-arauco-bioenergia/,hace 29 meses,Arauco
"Forestal Arauco bloqueó con maquinaria el camino vecinal de diversas comunidades en Tomé. Mediante maquinaria pesada y enormes zanjas,",https://resumen.cl/articulos/bosques-arauco-cerro-caminos-vecinales-en-tome-pobladores-acusan-hostigamiento-y-represion,hace 4 meses,Arauco
Una de las comunidades más afectadas por los incendios forestales en el centro sur de Chile en el año 2023 fueron los habitantes de,https://resumen.cl/articulos/vecinos-de-celulosa-nueva-aldea-en-quillon-denuncian-malas-practicas-de-forestal-arauco-y-afectacion-por-incendios-forestales,hace 7 meses,Arauco
"Las manifestaciones fueron liderados por sindicatos de pescadores artesanales, recolectores de orilla, armadores y buzos mariscadores contra",https://www.laizquierdadiario.cl/Pescadores-manifiestan-que-Forestal-Arauco-esta-contaminando-el-Golfo-de-Arauco,hace 33 meses,Arauco
Pescadores y rubros afines desarrollaron este miércoles una manifestación en Laraquete -en la región del Bío Bío- donde denunciaron a la,https://www.biobiochile.cl/noticias/nacional/region-del-bio-bio/2022/01/12/protesta-de-pescadores-en-laraquete-acusan-a-celulosa-arauco-de-expulsar-residuos-quimicos-al-mar.shtml,hace 33 meses,Arauco
"Una difícil situación se vivió ayer en horas de la tarde en el Mall Arauco Quilicura y sus alrededores. En medio de manifestaciones,",https://www.df.cl/empresas/retail/incendio-de-proporciones-afecto-a-mall-arauco-quilicura-en-medio-de,hace 59 meses,Arauco
"Forestal Arauco bloqueó con maquinaria el camino vecinal de diversas comunidades en Tomé. Mediante maquinaria pesada y enormes zanjas,",https://resumen.cl/articulos/bosques-arauco-cerro-caminos-vecinales-en-tome-pobladores-acusan-hostigamiento-y-represion,hace 4 meses,Arauco
"Tras una semana de paro los padres y apoderados de la Escuela Rural Chiguaihue, ubicada en la comuna de Collipulli en la región de la",https://www.colegiodeprofesores.cl/2023/03/24/ola-de-protestas-en-chile-develan-la-insalubridad-y-abandono-de-la-educacion-publica/,hace 19 meses,Arauco
Una grave crisis hídrica denunciaron los vecinos de Santa Juana tras los incendios forestales y nuevas plantaciones de eucalipto de forestal,https://www.elciudadano.com/actualidad/vecinos-de-santa-juana-protestan-por-grave-escasez-de-agua-a-causa-de-plantaciones-de-empresas-forestales/07/07/,hace 15 meses,Arauco
"Los habitantes del sector bloquearon la carretera que une Concepción con la Provincia de Arauco, exigiendo una solución al problema que los",https://www.biobiochile.cl/noticias/nacional/region-del-bio-bio/2023/09/08/vecinos-de-fuerte-viejo-en-lota-prenden-barricadas-en-la-ruta-160-seria-por-prolongado-corte-de-agua.shtml,hace 13 meses,Arauco
"[resumen.cl] Un grupo de más de cien manifestantes se tomaron la ruta P-60, para exigir soluciones a raíz de la grave",https://resumen.cl/articulos/habitantes-de-contulmo-bloquean-ruta-p-60-exigiendo-solucion-a-crisis-financiera-comunal,hace 88 meses,Contulmo
"Año 2010, comuna de Curanilahue, Región del Biobío. Los empresarios Rodrigo Danús y Paul Fontaine buscaban dar viabilidad a un rentable",https://cooperativa.cl/noticias/pais/trabajo/denuncias/protesta-de-mineros-en-curanilahue-salpica-a-rodrigo-danus-y-paul-fontaine/2015-08-14/075746.html,hace 110 meses,Curanilahue
[resumen.cl] Nuevas tomas y recuperaciones territoriales avanzan en la comuna de Curanilahue. Ante un abandono estatal y en un contexto de,https://resumen.cl/articulos/las-nuevas-tomas-y-recuperaciones-en-curanilahue-la-falta-de-espacio-nos-empuja-a-disputar-el-terreno-con-la-industria-forestal,hace 35 meses,Curanilahue
"Con esta nueva condición de la zona para la elaboración de un Plan de Descontaminación, instrumento de gestión ambiental que tiene por",https://www.soychile.cl/concepcion/sociedad/2023/10/26/833483/zona-saturada-curanilahue.html,hace 12 meses,Curanilahue
"Los mineros de Curanilahue, cumplen 30 días en el fondo del pique de la mina a más de 600 metros, en modo de protesta por los",https://www.laizquierdadiario.com/Un-Gobierno-sordo-ciego-y-desinteresado-con-los-trabajadores,hace 93 meses,Curanilahue
"Por: Colectivo Ojo de Treile Las organizaciones sociales, populares, sindicatos, comunidades mapuche, el mundo campesino, las vecinas y",https://resumen.cl/articulos/el-estallido-social-tambien-alcanzo-la-provincia-de-arauco-marchas-y-manifestaciones-en-todo-el-territorio,hace 59 meses,Curanilahue
"Por: Colectivo Ojo de Treile Las organizaciones sociales, populares, sindicatos, comunidades mapuche, el mundo campesino, las vecinas y",https://resumen.cl/articulos/el-estallido-social-tambien-alcanzo-la-provincia-de-arauco-marchas-y-manifestaciones-en-todo-el-territorio,hace 59 meses,Curanilahue
"NOTICIA: Este martes, los trabajadores cumplieron 14 días encerrados a más de 700 metros bajo la tierra, protestando por sueldos e imposiciones impagas de",https://sindical.cl/mineros-de-curanilahue-radicalizan-postura-ante-falta-de-soluciones/,hace 85 meses,Curanilahue
"Cuando ya han trascurrido cinco días de protesta por parte de más de 70 hombres al fondo de la mina Santa Ana en Curanilahue,",http://www.biobiochile.cl/noticias/2015/08/17/aun-no-aparece-el-dueno-de-la-mina-santa-ana-trabajadores-cumplen-5-dias-bajo-tierra.shtml,hace 110 meses,Curanilahue
El municipio y Essbio firmaron un protocolo que tiene por objetivo complementar las capacidades de las instituciones involucradas para,https://www.soychile.cl/Concepcion/Sociedad/2024/09/26/878169/curanilahue-abastecimiento-agua-potable.html,hace 1 mes,Curanilahue
"El sistema frontal que afecta desastrosamente el sur del país y avanza hacia el centro, se ha concentrado en la región del Biobío,",https://contrahegemoniaweb.com.ar/2024/06/14/chile-curanilahue-por-el-temporal-las-viviendas-que-levantamos-en-la-toma-ya-estan-cubiertas-por-mas-de-un-metro-de-agua/,hace 4 meses,Curanilahue
Los álamos modificados genéticamente ofrecen una alternativa más económica y ecológica en la producción de productos químicos industriales,https://www.infobae.com/america/medio-ambiente/2024/10/28/arboles-modificados-geneticamente-por-que-pueden-ser-una-solucion-ecologica-para-la-produccion-de-quimicos/,hace 2 días,Los alamos
"La activista medioambiental sueca, de 21 años, se declaró inocente de los cargos que se le imputan a raíz de su arresto el pasado 17 de",https://www.latercera.com/mundo/noticia/comienza-en-londres-el-juicio-contra-greta-thunberg-por-alteracion-del-orden-publico/3TAK5N2JNJGBBLEJVQPU35Z5IM/,hace 8 meses,Los alamos
"Mucha atención, porque desde este domingo 27 de octubre de 2024, Bogotá y los municipios que se abastecen por la Empresa de Acueducto y Alcantarillado de",https://citytv.eltiempo.com/noticias/medio-ambiente/racionamiento-de-agua-en-bogota-turno-2-barrios-en-los-que-regira-este-domingo-27-de-octubre_74795,hace 3 días,Los alamos
"La casa de estudios lleva 10 días envuelta en un ambiente convulso tras el fallecimiento de una estudiante de Terapia Ocupacional,",https://www.latercera.com/la-tercera-pm/noticia/manifestaciones-lienzos-y-un-discurso-del-rector-como-el-caso-cayazaya-marco-el-inicio-de-ano-academico-de-la-u-andes/4F6X43UFIRE5TJFCJPD6XDKX24/,hace 6 meses,Los alamos
El año pasado tres niños sufrieron lipotimias por las altas temperaturas que soportan en clase. Los padres están dispuestos a pagar la,https://cadenaser.com/murcia/2024/05/17/los-alamos-la-escuela-de-calor-murciana-que-lleva-un-lustro-reclamando-aire-acondicionado-para-sus-aulas-radio-murcia/,hace 5 meses,Los alamos
"Alumnos y padres del CEIP Los Álamos de Murcia se concentraron ayer a las puertas del centro, bajo el lema 'Queremos aulas no saunas',",https://www.laopiniondemurcia.es/comunidad/2024/05/17/colegio-alamos-murcia-pide-climatizacion-102488583.html,hace 5 meses,Los alamos
"[resumen.cl] Este martes durante la noche, un grupo de desconocidos asalto y luego le prendió fuego al peaje de Pilpilco de la ruta 160,",https://resumen.cl/articulos/desconocidos-asaltaron-y-quemaron-peaje-de-pilpilco-en-curanilahue,hace 59 meses,Los alamos
"Pese a que hay decenas de árboles marcados, el Manifiesto indica que no se dañará ningún árbol de la zona y que incluso están en buenas",https://www.e-consulta.com/nota/2024-05-22/medio-ambiente/manifiesto-de-impacto-ambiental-descarta-tala-de-arboles-por,hace 5 meses,Los alamos
Milei enfrentará este miércoles las primera protesta contra su gobierno. Las autoridades argentinas dispusieron que los manifestantes no,https://www.latercera.com/mundo/noticia/las-prohibiciones-que-impuso-el-gobierno-de-milei-a-marcha-de-piqueteros-de-este-miercoles/CZUUMSSR4NFALOMRDK7KR3HCYA/,hace 10 meses,Los alamos
"La empresa no cuenta con el permiso ambiental requerido para la ejecución del proyecto, además, éste estaría modificando el cauce natural",https://soychile.cl/Concepcion/Sociedad/2024/03/22/852820/sma-multa-aridos-rio-trongol.html,hace 7 meses,Los alamos
"Las autoridades argentinas dispusieron que los manifestantes no podrán interrumpir el tránsito vehicular, cubrirse el rostro de manera",https://www.latercera.com/mundo/noticia/las-prohibiciones-que-impuso-el-gobierno-de-milei-a-marcha-de-piqueteros-de-este-miercoles/CZUUMSSR4NFALOMRDK7KR3HCYA/,hace 10 meses,Los alamos
"La casa de estudios lleva 10 días envuelta en un ambiente convulso tras el fallecimiento de una estudiante de Terapia Ocupacional,",https://www.latercera.com/la-tercera-pm/noticia/manifestaciones-lienzos-y-un-discurso-del-rector-como-el-caso-cayazaya-marco-el-inicio-de-ano-academico-de-la-u-andes/4F6X43UFIRE5TJFCJPD6XDKX24/,hace 6 meses,Los alamos
"El alcalde Carlos Bruce se unió a los vecinos de la urbanización Los Álamos en la celebración del tradicional Paseo de Banderas, una tradición que los",https://www.munisurco.gob.pe/alcalde-carlos-bruce-participa-en-el-tradicional-paseo-de-banderas-en-la-urbanizacion-los-alamos/,hace 3 meses,Los alamos
"[resumen.cl] Este martes durante la noche, un grupo de desconocidos asalto y luego le prendió fuego al peaje de Pilpilco de la ruta 160,",https://resumen.cl/articulos/desconocidos-asaltaron-y-quemaron-peaje-de-pilpilco-en-curanilahue,hace 59 meses,Los alamos
Protestas en la localidad de Usme terminaron en enfrentamientos entre la Fuerza Pública y manifestantes. En medio de los disturbios que se,https://citytv.eltiempo.com/noticias/orden-publico/protestas-en-usme-terminaron-en-disturbios_69756,hace 6 meses,Los alamos
"La activista medioambiental sueca, de 21 años, se declaró inocente de los cargos que se le imputan a raíz de su arresto el pasado 17 de",https://www.latercera.com/mundo/noticia/comienza-en-londres-el-juicio-contra-greta-thunberg-por-alteracion-del-orden-publico/3TAK5N2JNJGBBLEJVQPU35Z5IM/,hace 8 meses,Los alamos
Desde la entidad gremial acusan que la crisis de la minera estatal “recae en la falta de prioridad o maltrato que se la ha dado en distintos,https://www.latercera.com/pulso/noticia/sonami-y-trabajadores-mineros-entregan-carta-a-a-boric-piden-capitalizar-a-enami-y-no-vender-su-participacion-en-quebrada-blanca/PFBN5RAQ45FC3E6SAG2NL7YXOY/,hace 3 meses,Los alamos
"La ampliación de la planta Negreiros, ubicada en Huara y que produce yodo, cuenta con recomendación negativa de la Dirección Ejecutiva del",https://www.latercera.com/pulso/noticia/tercer-intento-del-grupo-errazuriz-por-dar-continuidad-a-proyecto-minero-enfrenta-inminente-fracaso-y-desata-protestas-en-iquique/JYEF3O2OIZBYLBEUUSOSKFFLFE/,hace 10 meses,Los alamos
"[resumen.cl] El primer Primero de Mayo que los trabajadores conmemoraron en la calles, tras el golpe militar de 1973, fue el de 1978,",https://resumen.cl/articulos/primero-de-mayo-durante-la-dictadura-profunda,hace 41 meses,Los alamos
En un área de 1.800 hectáreas cercana a Andacollo. Swissland Gold solicitó un permiso a la Dirección Provincial de Minería para poner en,https://www.elinversorenergetico.com/una-minera-suiza-quiere-explotar-oro-en-neuquen/,hace 96 meses,Los alamos
"Mucha atención, porque desde este domingo 27 de octubre de 2024, Bogotá y los municipios que se abastecen por la Empresa de Acueducto y Alcantarillado de",https://citytv.eltiempo.com/noticias/medio-ambiente/racionamiento-de-agua-en-bogota-turno-2-barrios-en-los-que-regira-este-domingo-27-de-octubre_74795,hace 3 días,Los alamos
"El auge del turismo en los últimos años, favorecido por la proliferación de los alojamientos turísticos, ha suscitado protestas en toda",https://www.latercera.com/mundo/noticia/la-polemica-medida-con-la-que-sevilla-busca-hacer-frente-al-turismo-masivo/EX7PFQATYNAOLGQ2SEI3OJJOGQ/,hace 2 meses,Los alamos
La empresa proveedora de agua potable para Lima Metropolitana informó que la restricción del servicio se debe a labores de mantenimiento en,https://www.infobae.com/peru/2024/07/17/estos-son-los-siete-distritos-de-lima-donde-sedapal-cortara-el-agua-el-18-y-19-de-julio-lista-de-zonas-afectadas/,hace 3 meses,Los alamos
"La situación, afirman desde el Centro de Padres de la escuela Primer Agua de Tirúa, se arrastra por lo menos hace 10 años, haciendo del paso",https://resumen.cl/articulos/estudiar-sin-agua-y-con-una-infraestructura-que-se-cae-a-pedazos-el-drama-de-los-ninos-de-la-escuela-primer-agua-de-tirua,hace 19 meses,Tirua
En el lugar se realizó un llamado a las autoridades medioambientales y de salud. Una manifestación se llevó a cabo en la plaza de Armas de,https://www.latribuna.cl/cronica-ciudadana/2024/04/22/ahora-vecinos-de-los-angeles-protestan-por-plaga-de-moscas-en-plaza-de-armas.html,hace 6 meses,Los angeles
"Una masiva caravana y junta de firmas, se realizó la mañana del martes 26 con la finalidad de exigirle a las autoridades evitar una crisis",https://g5noticias.cl/2023/12/27/autoridades-comunidad-y-trabajadores-de-minera-cerro-negro-se-manifestaron-en-cabildo-a-favor-de-continuidad-de-la-faena/,hace 10 meses,Los angeles
"Ciudad de Panamá, 18 sep (EFE).- El fotógrafo panameño de la Agencia EFE Bienvenido Velasco ganó este miércoles el primer premio del",https://www.infobae.com/america/agencias/2024/09/19/el-fotografo-panameno-de-la-agencia-efe-bienvenido-velasco-gana-el-prestigioso-premio-ipa/,hace 1 mes,Los angeles
"Una masiva caravana y junta de firmas, se realizó la mañana del martes 26 con la finalidad de exigirle a las autoridades evitar una crisis",https://laliguanoticias.cl/2023/12/27/amplio-rechazo-genera-idea-de-cierre-de-faena-minera-cerro-negro-500-familias-quedarian-sin-fuente-laboral/,hace 10 meses,Los angeles
"A sus 87 años, el legendario director de cine Ken Loach acaba de lanzar su última película, El viejo roble. Desde Jacobin conversamos con él sobre la",https://www.iade.org.ar/noticias/ken-loach-regresa-con-una-ultima-pelicula,hace 5 meses,Los angeles
"Panamá quedó paralizada hace un mes, cuando la aprobación de un contrato minero que se considera inconstitucional sirvió de detonante para",https://www.7canibales.com/actualidad/crisis-minera-panama/,hace 11 meses,Los angeles
"El proyecto de la canadiense Southern Copper ya cuenta con todos los permisos para operar, asegura el Ejecutivo; sin embargo, la Defensoría",https://www.infobae.com/peru/2024/06/14/defensoria-del-pueblo-35-de-los-conflictos-sociales-estan-vinculados-a-la-mineria-tia-maria-resalta-por-anuncio-de-protestas-en-julio/,hace 4 meses,Los angeles
Panamá entró el lunes en su segunda semana de protestas —consideradas las más numerosas desde las registradas contra la dictadura militar a,https://apnews.com/world-news/general-news-f5d1e367aebf248fdf0ac1ee14ed4d5a,hace 12 meses,Los angeles
Una protesta de mineros informales en el noroeste de Colombia ha sido señalada por el gobierno de estar impulsada por el cártel Clan del,https://www.latimes.com/espanol/internacional/articulo/2023-03-16/clan-del-golfo-impulsa-protesta-de-mineros-en-colombia,hace 19 meses,Los angeles
"La marcha, la segunda gran convocatoria de protesta en torno a la COP26, tiene también réplicas en otras doscientas ciudades de todo el",https://www.dw.com/es/una-gran-manifestaci%25C3%25B3n-en-glasgow-pide-justicia-clim%25C3%25A1tica/a-59741042,hace 35 meses,Los angeles
"Después de las inéditas protestas masivas en Panamá en rechazo a una concesión minera, el Gobierno ha reaccionado y el presidente Cortizo ha",https://cnnespanol.cnn.com/video/panama-protestas-mineria-cortizo-dusa-tv,hace 12 meses,Los angeles
"Alerta y organizados se encuentran las y los pobladores de Antuco, en la provincia del Biobío, frente a la intervención del medio ambiente",https://resumen.cl/articulos/comunidad-en-antuco-se-organiza-frente-a-la-intervencion-de-sus-rios-por-parte-de-enel,hace 44 meses,Antuco
"En conversación con diario La Tribuna, los afectados responsabilizaron de esta situación contra de la directiva del comité de agua potable",https://www.latribuna.cl/cronica-ciudadana/2023/09/13/vecinos-en-pie-de-guerra-contra-directiva-de-apr-en-santa-fe-tienen-con-deudas-de-hasta-8-millones.html,hace 13 meses,Antuco
Desde el primer turno del martes 19 de marzo que la planta está paralizada. Trabajadores sindicalizados de la empresa CMPC Maderas planta,https://www.latribuna.cl/cronica-ciudadana/2024/03/20/trabajadores-de-planta-bucalemu-de-cabrero-en-huelga-legal-indefinida-piden-mejoras-salariales-y-bonos.html,hace 7 meses,Cabrero
"La comunidad argumenta que habrá aumento de moscas, ratones y malos olores. Desde la empresa se defendieron afirmando que cuentan con",https://cooperativa.cl/noticias/pais/medioambiente/contaminacion/alcalde-de-cabrero-encabezo-protesta-contra-ampliacion-de-planta-de/2018-07-13/233019.html,hace 75 meses,Cabrero
Vecinos y autoridades locales de la comuna de Cabrero llegaron en caravana al centro de Concepción para protestar contra la ampliación de,https://www.tvu.cl/prensa/2018/07/13/cabrero-protesta-contra-planta-de-lodos-no-mas-caca.html,hace 75 meses,Cabrero
Los vecinos además bloquearon la carretera que une Cabrero con los Ángeles. Al lugar llegó Carabineros quienes resguardaron a los,https://www.soychile.cl/Concepcion/Sociedad/2014/08/06/266658/No-dejaran-de-pelear-habitantes-de-Cabrero-cortaron-la-Ruta-5-en-protesta-por-la-construccion-de-termoelectrica.aspx,hace 122 meses,Cabrero
"Las puertas del recinto municipal volverán a estar abiertas. Sin embargo, en caso que el ente edilicio no cumpla con lo comprometido en un",https://www.latribuna.cl/cronica-ciudadana/2024/01/04/funcionarios-de-cementerio-en-monte-aguila-deponen-paro-al-llegar-a-preacuerdo-con-municipio-de-cabrero.html,hace 9 meses,Cabrero
"Con la consigna “No más caca”, vecinos de Cabrero marcharon este viernes en pleno centro de Concepción contra de la",https://www.biobiochile.cl/noticias/nacional/region-del-bio-bio/2018/07/13/no-mas-caca-vecinos-de-cabrero-llegan-a-concepcion-para-protestar-contra-planta-de-lodos.shtml,hace 75 meses,Cabrero
[resumen.cl] 7 votos a favor y 3 en contra recibió en la Comisión de Evaluación Ambiental la Declaración de Impacto,https://resumen.cl/articulos/aprueban-ampliacion-de-planta-de-lodos-de-cabrero-pese-a-oposicion-de-la-poblacion,hace 75 meses,Cabrero
La Municipalidad de Cabrero confirmó que Biodiversa retiró del sistema su Declaración de Impacto Ambiental. El alcalde Mario Gierke y las,https://www.pressreader.com/chile/la-tribuna-los-angeles-chile/20170808/281479276508597,hace 86 meses,Cabrero
"Con asesoría legal se pretende orientar a los vecinos de Cabrero, en la región del Bío Bío, ante el plan",https://www.biobiochile.cl/noticias/nacional/region-del-bio-bio/2020/10/22/vecinos-de-cabrero-recibiran-asesoria-legal-ante-ampliacion-de-planta-de-lodos-en-el-membrillar.shtml,hace 48 meses,Cabrero
La Municipalidad de Cabrero confirmó que Biodiversa retiró del sistema su Declaración de Impacto Ambiental. El alcalde Mario Gierke y las,https://www.pressreader.com/chile/la-tribuna-los-angeles-chile/20170808/281479276508597,hace 86 meses,Cabrero
"Cientos de peces muertos, familias en hambruna y un medio ambiente malsano es el panorama que describen los pescadores de la Laguna del",https://www.eluniversal.com.co/ambiente/2017/01/11/pescadores-protestan-por-mortandad-de-peces-en-la-laguna-del-cabrero/,hace 93 meses,Cabrero
"Docentes, alumnos y apoderados del Liceo Héroes de la Concepción de la comuna de Laja, desde inicio del año escolar que están en paro de",https://www.latribuna.cl/cronica-ciudadana/2024/03/13/comunidad-educativa-de-liceo-en-laja-reclama-por-graves-fallas-en-su-infraestructura.html,hace 7 meses,Laja
"La presidenta Claudia Sheinbaum prometió limpiar ríos contaminados, sin embargo, el río Laja presenta alta toxicidad y graves problemas de",https://www.periodicocorreo.com.mx/celaya/puede-el-rio-laja-recuperar-su-vida-20241027-113158.html,hace 2 días,Laja
"[resumen.cl] Este lunes, la Comisión de Evaluación Ambiental de la Región de ñuble, presidida por el Delegado",https://resumen.cl/articulos/comision-de-evaluacion-ambiental-de-nuble-aprobo-polemico-proyecto-embalse-zapallar-en-el-rio-diguillin,hace 9 meses,Laja
"Mientras la oficina provincial de Conaf y los guardaparques del Parque Nacional Laguna del Laja no atienden al público, la protesta se ha",https://www.latribuna.cl/medio-ambiente/2024/09/03/funcionarios-de-conaf-biobio-se-suman-a-paro-nacional-indefinido-por-razones-administrativas.html,hace 1 mes,Laja
Comunidad campesina de la comuna de Yumbel lleva 12 años de lucha ante los impactos causados por central. Comunidad La Aguada del río Laja,https://www.elciudadano.com/actualidad/comunidad-la-aguada-del-rio-laja-inicia-juicio-contra-transnacional-de-energia-por-danos-ambientales/05/24/,hace 17 meses,Laja
"[resumen.cl] Durante la mañana de este domingo, vecinos de las localidades de La Aguada, Yumbel, Los Ángeles y otros sectores de la",https://resumen.cl/articulos/vecinos-se-manifiestan-en-el-salto-del-laja-contra-la-intervencion-hidroelectrica-rio,hace 91 meses,Laja
"La presidenta Claudia Sheinbaum prometió limpiar ríos contaminados, sin embargo, el río Laja presenta alta toxicidad y graves problemas de",https://www.periodicocorreo.com.mx/celaya/puede-el-rio-laja-recuperar-su-vida-20241027-113158.html,hace 2 días,Laja
"[resumen.cl] Este lunes, la Comisión de Evaluación Ambiental de la Región de ñuble, presidida por el Delegado",https://resumen.cl/articulos/comision-de-evaluacion-ambiental-de-nuble-aprobo-polemico-proyecto-embalse-zapallar-en-el-rio-diguillin,hace 9 meses,Laja
"Debido a los bajos niveles del Sistema Cutzamala y la sequía que vive el Valle de México, estas colonias recibirán agua solo a ciertas horas",https://www.nmas.com.mx/ciudad-de-mexico/tandeo-agua-cdmx-2024-cuales-son-284-colonias-entregaran-liquido-escasez/,hace 9 meses,Laja
"No estamos dispuestos a seguir soportando el mal trato de nuestro patrimonio natural y social con una justificación de carácter económico,",https://www.elciudadano.com/ciudadanos-al-poder/conflicto-socio-ambiental-en-mulchen/07/23/,hace 123 meses,Mulchen
Este artículo se actualizó por última vez el 11 de abril de 2024. Se publicó originalmente el 19 de abril de 2022. El Día de la Tierra se,https://es.weforum.org/agenda/2024/04/dia-de-la-tierra-que-es-cuando-es-y-por-que-es-importante-193360147b/,hace 6 meses,Nacimiento
"El Día de la Madre Tierra se celebra anualmente, cada 22 de abril, y constituye uno de los hitos de mayor envergadura del movimiento",https://cronicadigital.cl/2024/04/22/el-origen-del-dia-internacional-de-la-madre-tierra-y-los-desafios-ambientales-de-la-hora-presente/,hace 6 meses,Nacimiento
"El Día de la Tierra, que se celebra cada 22 de abril, fue creado en Estados Unidos para aumentar la conciencia pública sobre los problemas",https://cnnespanol.cnn.com/2024/04/22/dia-de-la-tierra-historia-trax,hace 6 meses,Nacimiento
Con carteles y lienzos los vecinos dieron a conocer su descontento a un costado de la carretera. Una protesta para reclamar por la falta de,https://www.latribuna.cl/cronica-ciudadana/2024/10/16/vecinos-protestan-por-falta-de-agua-potable-en-sector-cerro-colorado.html,hace 2 semanas,Nacimiento
Hay varias personas en la Ciudad de México que podrán acceder a un descuento del 50% en el pago del agua; es un trámite muy sencillo y te,https://www.adn40.mx/ciudad/2024-10-24/personas-que-pueden-solicitar-descuento-en-pago-del-agua-cdmx-como-solicitarlo,hace 5 días,Nacimiento
"Alta participación y unidad en la concentración, a la que seguirán otras y a la que se sumó la alcaldesa, y petición de conectar a la red",https://www.ideal.es/jaen/jaen/solera-pide-agua-soluciones-tecnicas-ayuntamiento-huelma-20240807154024-nt.html,hace 2 meses,Nacimiento
El centro de ocio está proyectado sobre una finca de 1.000.000 de metros cuadrados y cuenta con una inversión inicial de 300 millones de,https://cadenaser.com/andalucia/2024/02/10/protesta-vecinal-en-coinmalaga-no-tenemos-agua-para-ese-complejo-deportivo-ser-malaga/,hace 8 meses,Nacimiento
El próximo viernes 18 de octubre de 2024 rendirán protesta las y los integrantes del Capítulo Colima del Colegio Mexicano de Profesionales,https://elcomentario.ucol.mx/%3Fp%3D143254,hace 2 semanas,Negrete
[resumen.cl] Tras una reunión sostenida entre diversas comunidades de la provincia del Biobío se realizó una,https://resumen.cl/articulos/comunidades-de-la-provincia-del-biobio-mantienen-manifestaciones-ante-proyectos-de-parques-eolicos,hace 41 meses,Negrete
"Trabajadores del Poder Judicial se pronunciaron en contra de la Reforma Judicial durante la Cumbre Paz para el Progreso, argumentando que no",https://mvsnoticias.com/nuevo-leon/2024/9/18/trabajadores-del-poder-judicial-protestan-durante-la-cumbre-de-premios-nobel-en-monterrey-657246.html,hace 1 mes,Negrete
Más de 40 asociaciones se han citado en València en una manifestación por una transición energética justa que no no destruya los campos y,https://www.levante-emv.com/comunitat-valenciana/2023/01/21/mundo-rural-revuelve-modelo-energetico-81555942.html,hace 21 meses,Negrete
"Luego de la tragedia del 2 de enero de 1946, los actores llegaron a León donde apoyaron con diversas presentaciones a deudos y a la lucha",https://lasillarota.com/guanajuato/reportajes/2022/3/19/el-dia-que-cantinflas-jorge-negrete-apoyaron-la-lucha-democratica-de-leon-362065.html,hace 31 meses,Negrete
"El proyecto hidroeléctrico Central Rucalhue en Quilaco, región del Bío Bío, fue incluido en un estudio internacional sobre violación a los",https://www.biobiochile.cl/especial/aqui-tierra/noticias/2022/03/25/proyecto-central-rucalhue-de-quilaco-es-incluido-en-informe-internacional-por-violacion-de-dd-hh.shtml,hace 31 meses,Quilaco
[resumen.cl] La empresa Rucalhue Energía SpA -de capitales chinos- se encuentra realizando trabajos para instalar maquinaria con la que,https://resumen.cl/articulos/vecinas-os-de-quilaco-y-santa-barbara-retomaron-protestas-ante-nuevos-trabajos-de-proyecto-central-rucalhue,hace 33 meses,Quilaco
"Desde febrero pasado, un millonario proyecto en el río BíoBío tiene a organizaciones ambientales y a las localidades de la zona en pie de",https://www.infobae.com/america/america-latina/2021/07/28/comunidades-del-sur-de-chile-pelean-contra-un-gigante-hidroelectrico-chino-por-la-construccion-de-una-represa-que-causaria-enorme-dano-ambiental/,hace 39 meses,Quilaco
"La Corporación Nacional Forestal, Ministerio del Medio Ambiente, Gobierno Regional del Biobío, Municipalidad de Santa Bárbara y",https://resumen.cl/articulos/central-rucalhue-cinco-organismos-estatales-presentaron-informes-donde-apuntan-a-que-proyecto-hidroelectrico-no-es-de-interes-nacional,hace 19 meses,Quilaco
"Con un 90,1% de los votos, la comunidad de Quilaco, en la región del Bío Bío, rechazó la construcción de",https://www.biobiochile.cl/noticias/nacional/region-del-bio-bio/2021/09/27/consulta-no-vinculante-rechaza-con-un-901-la-construccion-de-hidroelectrica-rulcahue-en-quilaco.shtml,hace 37 meses,Quilaco
"El hecho quedó al descubierto gracias a la denuncia de los vecinos y el municipio local, luego que el curso de varios esteros de la comuna",https://www.soychile.cl/Concepcion/Sociedad/2015/04/01/313918/Dano-al-ecosistema-detectaron-talas-ilegales-de-arboles-nativos-en-Quilaco.aspx,hace 114 meses,Quilaco
"Mientras las comunidades continúan organizándose para defender su vida y los territorios, la transnacional china insistentemente",https://resumen.cl/articulos/mientras-rucalhue-se-defiende-la-empresa-ingresa-maquinaria-al-rio-y-criminaliza-la-protesta-para-consolidar-proyecto-hidroelectrico,hace 32 meses,Quilaco
Comunidades continúan organizándose resistiendo al proyecto hidroeléctrico Central Rucalhue que pretende intervenir el,https://resumen.cl/articulos/especial-grafico-no-a-la-central-rucalhue-marcha-en-defensa-del-rio-biobio-y-contra-los-proyectos-hidroelectricos,hace 26 meses,Quilaco
[resumen.cl] La movilización contó con la amplia presencia de habitantes de la región del Biobío en defensa del,https://resumen.cl/articulos/agua-para-los-pueblos-masiva-movilizacion-en-defensa-del-rio-biobio-recorrio-santa-barbara-y-quilaco,hace 38 meses,Quilaco
"El proyecto hidroeléctrico Central Rucalhue en Quilaco, región del Bío Bío, fue incluido en un estudio internacional sobre violación a los",https://www.biobiochile.cl/especial/aqui-tierra/noticias/2022/03/25/proyecto-central-rucalhue-de-quilaco-es-incluido-en-informe-internacional-por-violacion-de-dd-hh.shtml,hace 31 meses,Quilaco
[resumen.cl] La empresa Rucalhue Energía SpA -de capitales chinos- se encuentra realizando trabajos para instalar maquinaria con la que,https://resumen.cl/articulos/vecinas-os-de-quilaco-y-santa-barbara-retomaron-protestas-ante-nuevos-trabajos-de-proyecto-central-rucalhue,hace 33 meses,Quilaco
"Desde febrero pasado, un millonario proyecto en el río BíoBío tiene a organizaciones ambientales y a las localidades de la zona en pie de",https://www.infobae.com/america/america-latina/2021/07/28/comunidades-del-sur-de-chile-pelean-contra-un-gigante-hidroelectrico-chino-por-la-construccion-de-una-represa-que-causaria-enorme-dano-ambiental/,hace 39 meses,Quilaco
"El cuidado del agua es parte del saber ancestral y el desarrollo de la vida Mapuche en el Alto Bío Bío, en Chile. Hoy jóvenes inspirados en",https://interferencia.cl/articulos/la-defensa-del-rio-bio-bio-historias-de-memoria-y-resistencia-en-territorio-mapuche,hace 30 meses,Quilaco
[resumen.cl] Las y los pobladores de la localidad ubicada en Quilaco indican que los ruidos duran día y noche afectando sus actividades y,https://resumen.cl/articulos/vecinas-os-de-rucalhue-protestan-por-ruidos-molestos-y-levantamiento-de-polvo-apuntan-a-responsabilidad-de-empresa-de-frutos-secos,hace 42 meses,Quilaco
[resumen.cl] La movilización contó con la amplia presencia de habitantes de la región del Biobío en defensa del,https://resumen.cl/articulos/agua-para-los-pueblos-masiva-movilizacion-en-defensa-del-rio-biobio-recorrio-santa-barbara-y-quilaco,hace 38 meses,Quilaco
Comunidades continúan organizándose resistiendo al proyecto hidroeléctrico Central Rucalhue que pretende intervenir el,https://resumen.cl/articulos/especial-grafico-no-a-la-central-rucalhue-marcha-en-defensa-del-rio-biobio-y-contra-los-proyectos-hidroelectricos,hace 26 meses,Quilaco
"El proyecto hidroeléctrico Central Rucalhue en Quilaco, región del Bío Bío, fue incluido en un estudio internacional sobre violación a los",https://www.biobiochile.cl/especial/aqui-tierra/noticias/2022/03/25/proyecto-central-rucalhue-de-quilaco-es-incluido-en-informe-internacional-por-violacion-de-dd-hh.shtml,hace 31 meses,Quilaco
[resumen.cl] La empresa Rucalhue Energía SpA -de capitales chinos- se encuentra realizando trabajos para instalar maquinaria con la que,https://resumen.cl/articulos/vecinas-os-de-quilaco-y-santa-barbara-retomaron-protestas-ante-nuevos-trabajos-de-proyecto-central-rucalhue,hace 33 meses,Quilaco
La desesperada medida de protesta se debe al prolongado corte del servicio que les ha hecho perder sus alimentos e impide el funcionamiento,https://www.latribuna.cl/desarrollo/2024/08/11/11-dias-sin-electricidad-vecinos-del-sector-quilapalos-reclaman-cortando-camino.html,hace 2 meses,Quilaco
Es un gigante contra un grupo de comunidades indígenas y locales de Santa Bárbara y Quilaco. La firma dueña de la represa más grande del,https://dfmas.df.cl/df-mas/por-dentro/la-central-hidroelectrica-china-que-se-enfrenta-con-comunidades-en-la,hace 38 meses,Quilaco
"Primero fue Pangue, luego Ralco y ahora Angostura. Colbún planea construir la tercera represa del río Bío Bío, con una inversión de US$ 500",https://www.ciperchile.cl/2008/12/04/angostura-la-hidroelectrica-que-vuelve-a-despertar-al-bio-bio/,hace 190 meses,Quilaco
[resumen.cl] La movilización contó con la amplia presencia de habitantes de la región del Biobío en defensa del,https://resumen.cl/articulos/agua-para-los-pueblos-masiva-movilizacion-en-defensa-del-rio-biobio-recorrio-santa-barbara-y-quilaco,hace 38 meses,Quilaco
"Trabajador expuso el difícil pasar económico que vive con su familia a raíz de esta situación. Por su parte, el representante legal de",https://www.latribuna.cl/cronica-ciudadana/2024/02/26/trabajadores-de-constructora-en-quilleco-reclaman-por-sueldos-impagos-empresa-reconoce-que-no-tenemos-plata.html,hace 8 meses,Quilleco
15 resoluciones de remate relacionadas con causes naturales de la región de Ñuble mantienen en alerta a los pobladores y,https://www.biobiochile.cl/noticias/nacional/region-de-nuble/2020/01/09/alerta-genera-el-remate-de-15-cauces-naturales-en-nuble-temen-futuros-proyectos-de-termoelectricas.shtml,hace 57 meses,Quilleco
[resumen.cl] Este mediodía en el centro de Laja se realizó una manifestación contra la contaminación de la empresa CMPC,https://resumen.cl/articulos/se-manifiestan-en-laja-contra-la-contaminacion-y-malos-olores-de-planta-cmpc,hace 85 meses,San Rosendo
Los mineros de distintas regiones del país participan en el paro nacional minero en contra de un decreto promovido por el Ministerio de,https://www.infobae.com/colombia/2024/10/23/tercer-dia-del-paro-minero-bloqueos-y-medidas-especiales-en-algunos-territorios/,hace 1 semana,Santa Barbara
"Alrededor de mil 500 personas de distintos puntos de la Región del Biobío marcharon en la comuna de Santa Bárbara, Región del Biobío,",https://cooperativa.cl/noticias/pais/region-del-biobio/multitud-se-manifesto-en-santa-barbara-en-contra-de-la-construccion-de/2021-08-08/133744.html,hace 38 meses,Santa Barbara
[resumen.cl] La empresa Rucalhue Energía SpA -de capitales chinos- se encuentra realizando trabajos para instalar maquinaria con la que,https://resumen.cl/articulos/vecinas-os-de-quilaco-y-santa-barbara-retomaron-protestas-ante-nuevos-trabajos-de-proyecto-central-rucalhue,hace 33 meses,Santa Barbara
"Hace 10 años que los vecinos están afectados por la mala condición del camino que conecta sus hogares con la carretera principal,",https://www.latribuna.cl/cronica-ciudadana/2024/06/18/340-familias-reclaman-por-camino-intransitable-en-sector-las-obras-de-santa-barbara.html,hace 4 meses,Santa Barbara
Los agricultores piden una negociación directa con el Ministerio de Ambiente y aclaran que sus reivindicaciones difieren de las de los,https://elpais.com/america-colombia/2024-10-25/los-campesinos-que-bloquean-la-via-entre-bucaramanga-y-bogota-pasaremos-a-pedir-limosna-para-sobrevivir.html,hace 5 días,Santa Barbara
"Los episodios de malos olores continúan hasta el día de hoy, señalaron desde el comité ambiental de la comuna, que aseguran que la empresa",https://www.latribuna.cl/cronica-ciudadana/2023/12/04/acudiran-a-tribunal-ambiental-por-malos-olores-de-plantel-porcino-de-tucapel.html,hace 10 meses,Tucapel
"Los episodios de malos olores continúan hasta el día de hoy, señalaron desde el comité ambiental de la comuna, que aseguran que la empresa",https://www.latribuna.cl/cronica-ciudadana/2023/12/04/acudiran-a-tribunal-ambiental-por-malos-olores-de-plantel-porcino-de-tucapel.html,hace 10 meses,Tucapel
[resumen.cl] Este lunes se vive una nueva jornada de protestas populares contra el abuso empresarial y el modelo económico capitalista que,https://resumen.cl/articulos/asi-se-vive-la-jornada-de-manifestaciones-en-concepcion,hace 60 meses,Tucapel
"[resumen.cl] El primer Primero de Mayo que los trabajadores conmemoraron en la calles, tras el golpe militar de 1973, fue el de 1978,",https://resumen.cl/articulos/primero-de-mayo-durante-la-dictadura-profunda,hace 41 meses,Tucapel
"Los episodios de malos olores continúan hasta el día de hoy, señalaron desde el comité ambiental de la comuna, que aseguran que la empresa",https://www.latribuna.cl/cronica-ciudadana/2023/12/04/acudiran-a-tribunal-ambiental-por-malos-olores-de-plantel-porcino-de-tucapel.html,hace 10 meses,Tucapel
"En el fallo se estableció que los malos olores, la proliferación de vectores (moscas) y el mal manejo de fecas en la granja porcina pone en",https://www.emol.com/noticias/Nacional/2022/08/03/1068853/suprema-recurso-planta-cerdos-tucapel.html,hace 26 meses,Tucapel
Los hechos comenzaron pasada las 20:00 horas tras una manifestación pacífica en la rotonda Tucapel. El accionar de Bomberos impidió que las,https://cooperativa.cl/noticias/pais/manifestaciones/saqueos-e-incendio-en-el-supermercados-lider-de-arica-dejaron-11/2019-11-13/142444.html,hace 59 meses,Tucapel
"[resumen.cl] Este lunes, la agrupación de defensa del río laja y el medio ambiente presentó una denuncia en la Superointendencia",https://resumen.cl/articulos/denuncian-proyecto-sanitario-municipalidad-yumbel-sma-exigiendo-evaluacion-ambiental,hace 84 meses,Yumbel
"[resumen.cl] El día lunes 22 de agosto comenzaron los cobros de los peajes de la Ruta Concepción Cabrero, ruta cuya concesión el",https://resumen.cl/articulos/ruta-cabreroconcepcion-vecinos-protestan-por-tener-que-pagar-peaje-de-2600-para-llegar-a-sus-casas,hace 98 meses,Yumbel
"Debido a las altas temperaturas y fuertes vientos pronosticados por la Dirección de Meteorológica de Chile (DMC), se activó el Botón Rojo",https://www.latribuna.cl/medio-ambiente/2024/01/19/boton-rojo-en-biobio-por-ola-de-calor-yumbel-es-declarado-en-alerta-por-incendio-forestal.html,hace 9 meses,Yumbel
"Los impactos de una central hidroeléctrica vinculada a una transnacional, fueron llevados al Tercer Tribunal Ambiental y recientemente,",https://www.elciudadano.com/actualidad/rio-laja-comunidad-la-aguada-de-yumbel-logra-historico-triunfo-judicial-frente-a-poderosa-transnacional-y-su-central-hidroelectrica/02/27/,hace 8 meses,Yumbel
"Tras el registro del robo de un grupo de delincuentes en la localidad de Rio Claro, vecinos se manifestaron en el sector del puente Negro la",https://www.latribuna.cl/cronica-ciudadana/2023/07/21/vecinos-exigen-mas-patrullas-policiales-para-la-comuna-de-yumbel.html,hace 15 meses,Yumbel
"Un pequeño estero, un inocente curso de agua, de un día para otro se convirtió en un violento torrente y la peor pesadilla de una familia de",https://www.infobae.com/america/america-latina/2023/06/28/una-casa-quedo-colgando-a-punto-de-caer-al-rio-tras-un-temporal-en-chile-como-lograron-salvarla/,hace 16 meses,Yumbel
"El presidente del Comité de Agua Potable Rural aseguró que si bien la escasez de agua fue un tema recurrente en la zona, no fue hasta el",https://www.soychile.cl/concepcion/sociedad/2022/03/24/749580/crisis-hidrica-en-el-biobio.html,hace 31 meses,Yumbel
Makarena Sierra / resumen.cl. En las afueras de la Dirección General de Aguas (DGA) se manifestaron comunidades pewenches del Alto Bíobío y,https://resumen.cl/articulos/remates-de-derechos-de-agua-del-queuco-no-llegaron-oferentes-y-uno-fue-suspendido-por-orden-judicial,hace 61 meses,Alto Biobio
"El domingo recién pasado, vecinas y vecinos de Rafael realizaron una multitudinaria marcha expresando su repudio a la instalación de un",https://resumen.cl/articulos/comunidad-se-movilizo-en-defensa-del-rio-rafael-amenazado-por-instalacion-de-vertedero-en-curaco-alto,hace 39 meses,Alto Biobio
[resumen.cl] Un grupo de personas se reunieron el día domingo 12 de mayo para realizar una caminata desde la plaza de Penco hasta un relicto,https://resumen.cl/articulos/reconocen-especies-ecosistema-amenazado-proyecto-minero-penco,hace 65 meses,Alto Biobio
"Además, desde este centro termal de la comuna de Alto Biobío piden que se se implemente un sistema de alerta al momento de abrir las",https://www.latribuna.cl/cronica-ciudadana/2023/10/30/termas-alto-biobio-acusa-perjuicios-por-operacion-de-central-ralco.html,hace 12 meses,Alto Biobio
"Desde la Seremi de Energía informaron que el proyecto está en etapa inicial, por tanto, falta definir su trazado definitivo;",https://www.biobiochile.cl/noticias/nacional/region-de-la-araucania/2024/04/25/comunidades-mapuche-de-lautaro-protesta-por-proyecto-de-torres-de-alta-tension-desde-nuble-a-los-rios.shtml,hace 6 meses,Temuco
"Para este lunes hay pronosticada una nueva preemergencia ambiental en ambas comunas, lo que implica la prohibición del uso de artefactos a",https://uatv.cl/2024/05/27/en-dos-semanas-decena-de-episodios-criticos-por-contaminacion-del-aire-en-temuco-y-padre-las-casas/,hace 5 meses,Temuco
